ID,Layer Name,Content,Replace_English,Replace_Japanese,Replace_Simplified Chinese,Replace_Traditional Chinese
I1408:15545;1407:15566,버튼,서강대생으로 시작하기,Start as a Sogang Student,西江大生として始める,以西江大学学生身份开始,以西江大學學生身分開始
I1408:15547;1407:15566,버튼,외부인으로 시작하기,Start as a Guest,外部参加者として始める,以校外访客身份开始,以校外訪客身分開始
I1430:12679;201:2501,메인 문구,회원가입을 진행할게요.,Let’s create your account.,会員登録を進めます。,我们来创建你的账号。,我們來建立你的帳號。
I1430:12679;201:2502,서브 문구,만나서 반가워요!,Nice to meet you!,はじめまして！,很高兴见到你！,很高興見到你！
"I1499:18764;1499:18640[I1378:15963;1378:15959,I1780:17347;1378:15959,I1780:17421;1378:15959,I1780:17495;1378:15959,I1780:17621;1378:15959,I1780:17696;1378:15959,I1780:17770;1378:15959]",App Bar,회원가입,Sign Up,会員登録,注册,註冊
"I1745:19550;1408:15555[I1745:19544;1408:15555,I1745:19548;1408:15555,I1745:19546;1408:15555,I1745:19554;1408:15555,I1745:19558;1407:15566,I2313:19684;1407:15566,I1408:15558;1408:15555,I1745:19552;1407:15566,I1745:19560;1408:15555,I1745:19556;1408:15555,I1745:19562;1408:15555,I1745:19488;1408:15555,I1745:19494;1408:15555,I1745:19486;1408:15555,I1745:19492;1408:15555,I1745:19496;1407:15566,I1745:19490;1407:15566,I1745:19498;1408:15555,I1745:19500;1408:15555,I1745:19484;1408:15555,I1745:19504;1408:15555,I1745:19506;1408:15555,I1745:19502;1408:15555,I1745:19508;1408:15555,I1745:19510;1408:15555,I1745:19512;1407:15566]",버튼,계속하기,Continue,続ける,继续,繼續
"I1309:9465;201:2501[I1390:16960;201:2501,I1390:17136;201:2501,I1390:17667;201:2501,I1390:17843;201:2501,I1390:18021;201:2501,I2313:19688;201:2501]",메인 문구,이름과 기타 정보를 입력해주세요.,Please enter your name and other information.,名前とその他の情報を入力してください。,请输入姓名和其他信息。,請輸入姓名和其他資訊。
"I1309:9465;201:2502[I1390:16960;201:2502,I1390:17136;201:2502,I1390:17667;201:2502,I1390:17843;201:2502,I1390:18021;201:2502,I2313:19688;201:2502]",서브 문구,사용자님에 대해서 알려주세요.,Tell us about yourself.,あなたについて教えてください。,请告诉我们关于你的信息。,請告訴我們關於你的資訊。
"I1390:16713;1390:16048[I1390:16963;1390:16048,I1390:17139;1390:16048,I1390:17670;1390:16048,I1390:17846;1390:16048,I1390:18024;1390:16048,I2313:19690;1390:16048]",레이블,이름,Name,名前,姓名,姓名
"I1390:16713;1390:16050[I1390:16963;1390:16050,I1390:17139;1390:16050,I1390:17670;1390:16050,I1390:17846;1390:16050,I1390:18024;1390:16050,I2313:19690;1390:16050]",부가 설명,실명을 입력해주세요.,Please enter your real name.,実名を入力してください。,请输入真实姓名。,請輸入真實姓名。
I1390:16713;1390:16052;1378:15984,텍스트,이름을 입력해주세요.,Please enter your name.,名前を入力してください。,请输入姓名。,請輸入姓名。
"I1390:16732;1381:11583[I1390:16964;1381:11583,I1390:17140;1381:11583,I1390:17671;1381:11583,I1390:17847;1381:11583,I1390:18025;1381:11583,I2313:19691;1381:11583]",레이블,성별,Gender,性別,性别,性別
"I1390:16732;1389:11614;1381:11607[I1390:16964;1389:11614;1381:11607,I1390:17140;1389:11614;1389:11613,I1390:17671;1389:11614;1389:11613,I1390:17847;1389:11614;1389:11613,I1390:18025;1389:11614;1389:11613,I2313:19691;1389:11614;1389:11613]",선택지,남성,Male,男性,男,男
"I1390:16732;1389:11620;1381:11607[I1390:16964;1389:11620;1381:11607,I1390:17140;1389:11620;1381:11607,I1390:17671;1389:11620;1381:11607,I1390:17847;1389:11620;1381:11607,I1390:18025;1389:11620;1381:11607,I2313:19691;1389:11620;1381:11607]",선택지,여성,Female,女性,女,女
"I1390:16758;1390:16048[I1390:16965;1390:16048,I1390:17141;1390:16048,I1390:17672;1390:16048,I1390:17848;1390:16048,I1390:18026;1390:16048,I2313:19692;1390:16048]",레이블,생일,Date of Birth,生年月日,出生日期,出生日期
"I1390:16758;1390:16052;1378:15984[I1390:16965;1390:16052;1378:15984,I1390:17141;1390:16052;1378:15984]",텍스트,8자리 숫자로 입력해주세요.,Please enter 8 digits.,8桁の数字で入力してください。,请输入8位数字。,請輸入8位數字。
"I1390:16769;1390:16048[I1390:16966;1390:16048,I1390:17142;1390:16048,I1390:17673;1390:16048,I1390:17849;1390:16048,I1390:18027;1390:16048,I2313:19693;1390:16048]",레이블,국적,Nationality,国籍,国籍,國籍
"I1390:16769;1390:16050[I1390:16966;1390:16050,I1390:17142;1390:16050,I1390:17673;1390:16050,I1390:17849;1390:16050,I1390:18027;1390:16050,I2313:19693;1390:16050]",부가 설명,이중국적인 경우 하나만 선택해주세요.,"If you have dual nationality, please select one.",二重国籍の場合は1つだけ選択してください。,如有双重国籍，请选择其中一个。,如有雙重國籍，請選擇其中一個。
"I1390:16769;1390:16052;1378:15984[I1390:16966;1390:16052;1378:15984,I1390:17142;1390:16052;1378:15984,I1390:17673;1390:16052;1378:15984,I1309:8091;1309:8437,I1309:8092;1309:8437,I1728:14158;1309:8437,I1728:14159;1309:8437,I1309:8723;1240:15079,I1309:8724;1240:15079,I1309:9105;1240:15079,I1309:9106;1240:15079,I1309:8914;1240:15079,I1309:8915;1240:15079]",텍스트,선택,Select,選択,选择,選擇
"I1499:18852;1499:18640[I1499:18863;1499:18640,I1499:18865;1499:18640,I1499:18864;1499:18640,I1499:18867;1499:18640,I1499:18866;1499:18640,I2313:19685;1499:18640]",App Bar,이름 및 기타 정보,Name and Other Information,名前・その他の情報,姓名及其他信息,姓名及其他資訊
"I1390:16963;1390:16052;1378:15984[I1390:17139;1390:16052;1378:15984,I1390:17670;1390:16052;1378:15984,I1390:17846;1390:16052;1378:15984,I1390:18024;1390:16052;1378:15984,I2313:19690;1390:16052;1378:15984]",텍스트,홍길동,Hong Gil-dong,ホン・ギルドン,洪吉童,洪吉童
"I1390:17849;1390:16052;1378:15984[1240:15488,1240:15707,1240:15710,1240:15713,1240:15716,1240:15719,1240:15723,1240:15726,1240:15741,1240:15744,1240:15747,I1390:18027;1390:16052;1378:15984,I2313:19693;1390:16052;1378:15984]",텍스트,대한민국,South Korea,韓国,韩国,韓國
1240:15686,가나,가나,Ghana,ガーナ,加纳,迦納
1240:15689,나이지리아,나이지리아,Nigeria,ナイジェリア,尼日利亚,奈及利亞
1240:15692,덴마크,덴마크,Denmark,デンマーク,丹麦,丹麥
1240:15698,러시아,러시아,Russia,ロシア,俄罗斯,俄羅斯
1240:15695,미국,미국,United States,アメリカ,美国,美國
1240:15701,베트남,베트남,Vietnam,ベトナム,越南,越南
1240:15704,세르비아,세르비아,Serbia,セルビア,塞尔维亚,塞爾維亞
I2313:19870;2135:17094,메시지,성함이 ‘홍길동’이 맞나요?,Is your name “Hong Gil-dong”?,お名前は「ホン・ギルドン」でよろしいですか？,你的姓名是“洪吉童”吗？,你的姓名是「洪吉童」嗎？
I2313:19870;2135:17113,메시지메시지메시지메시지메시지메시지메시지메시지메시지메시지메시지메시지메시지메시지,"이름은 변경할 수 없습니다.
설정한 이름이 실명과 다를 시 서비스 이용에 제한이 있을 수 있습니다.","Your name cannot be changed.
If the name you enter is not your real name, your use of the service may be restricted.","名前は変更できません。
設定した名前が実名と異なる場合、サービスの利用が制限されることがあります。","姓名无法更改。
如果填写的姓名与真实姓名不一致，服务使用可能会受到限制。","姓名無法變更。
若填寫的姓名與真實姓名不一致，服務使用可能會受到限制。"
I2313:19870;2135:17095;201:2270,버튼,아니에요,No,いいえ,不是,不是
I2313:19870;2135:17098;201:2270,버튼,"네, 맞아요","Yes, that’s correct",はい、合っています,是的，没错,是的，沒錯
"I1309:8075;201:2501[I1309:9283;201:2501,I1309:8707;201:2501,I1309:9089;201:2501,I1309:8898;201:2501]",메인 문구,약관에 동의해주세요.,Please agree to the terms.,規約に同意してください。,请同意相关条款。,請同意相關條款。
"I1309:8075;201:2502[I1309:9283;201:2502,I1309:8707;201:2502,I1309:9089;201:2502,I1309:8898;201:2502]",서브 문구,PLAYTAP의 서비스를 이용하기 위해 필요해요.,This is required to use PLAYTAP services.,PLAYTAPのサービスを利用するために必要です。,这是使用 PLAYTAP 服务所必需的。,這是使用 PLAYTAP 服務所必需的。
"1309:8080[1728:14146,1309:8712,1309:9094,1309:8903]",필수,전체,All,すべて,全部,全部
"1309:8082[1728:14148,1309:8714,1309:9096,1309:8905]",이용 약관동의,약관 전체동의,Agree to All Terms,すべての規約に同意,同意全部条款,同意全部條款
"I1309:8089;1309:8437[I1309:8090;1309:8437,I1728:14156;1309:8437,I1728:14157;1309:8437,I1309:8721;1240:15079,I1309:8722;1240:15079,1725:13979,I1309:9103;1240:15079,I1309:9104;1240:15079,1725:14074,I1309:8912;1240:15079,I1309:8913;1240:15079,1725:14056]",필수,필수,Required,必須,必填,必填
"I1309:8089;1309:8439[I1728:14156;1309:8439,I1309:8721;1240:15081,1725:13981,I1309:9103;1240:15081,1725:14076,I1309:8912;1240:15081,1725:14058]",이용 약관동의,이용 약관동의,Agree to Terms of Use,利用規約に同意,同意使用条款,同意使用條款
"I1309:8090;1309:8439[I1728:14157;1309:8439,I1309:8722;1240:15081,I1309:9104;1240:15081,I1309:8913;1240:15081]",이용 약관동의,개인정보 수집 및 이용 동의,Consent to Collection and Use of Personal Information,個人情報の収集および利用に同意,同意收集及使用个人信息,同意蒐集及使用個人資料
"I1309:8091;1309:8439[I1728:14158;1309:8439,I1309:8723;1240:15081,I1309:9105;1240:15081,I1309:8914;1240:15081]",이용 약관동의,위치 정보 서비스 이용약관,Location-Based Service Terms of Use,位置情報サービス利用規約,位置服务使用条款,位置資訊服務使用條款
"I1309:8092;1309:8439[I1728:14159;1309:8439,I1309:8724;1240:15081,I1309:9106;1240:15081,I1309:8915;1240:15081]",이용 약관동의,광고성 정보 수신 동의 약관,Consent to Receive Promotional Information,広告性情報の受信に同意,同意接收广告性信息,同意接收廣告性資訊
"I1499:18775;1499:18640[I1499:18809;1499:18640,I1499:18808;1499:18640,I1499:18811;1499:18640,I1499:18810;1499:18640]",App Bar,약관동의,Agree to Terms,規約に同意,同意条款,同意條款
"1725:13982[1725:14077,1725:14059]","[1] PLAYTAB 위치기반서비스 이용약관 PLAYTAB 위치기반서비스 이용약관 제1조(목적) 이 약관은 주식회사 판(이하 “회사”)이 제공하는 PLAYTAB 위치기반서비스와 관련하여 회사와 개인위치정보주체의 권리, 의무 및 책임사항, 기타 필요한 사항을 규정함을 목적으로 합니다. 제2조(정의) 1. “서비스”란 회사가 제공하는 PLAYTAB 애플리케이션 및 관련 플랫폼에서 개인위치정보를 이용하여 제공하는 위치기반서비스를 말합니다. 2. “개인위치정보”란 특정 개인의 위치정보를 말합니다. 3. “개인위치정보주체”란 개인위치정보에 의하여 식별되는 자로서 당해 개인위치정보의 주체인 이용자를 말합니다. 4. “위치기반서비스”란 회사가 이용자의 개인위치정보를 이용하여 제공하는 서비스 일체를 말합니다. 제3조(약관의 효력 및 변경) 1. 본 약관은 서비스를 신청한 이용자 또는 개인위치정보주체가 본 약관에 동의하고 회사가 정한 절차에 따라 서비스 이용을 승낙함으로써 효력이 발생합니다. 2. 회사는 관련 법령에 위배되지 않는 범위에서 본 약관을 변경할 수 있습니다. 3. 회사가 약관을 변경할 경우 적용일자 및 변경사유를 명시하여 적용일자 7일 전부터 공지합니다. 다만, 이용자에게 불리한 변경의 경우에는 적용일자 30일 전부터 공지합니다. 4. 이용자가 변경약관 시행일까지 거부 의사를 표시하지 아니하고 서비스를 계속 이용하는 경우 변경약관에 동의한 것으로 봅니다. 제4조(서비스의 내용) 회사가 제공하는 위치기반서비스의 내용은 다음과 같습니다. 1. 이용자의 현재 위치를 지도상에 표시하는 서비스 2. 이용자의 현재 위치를 기준으로 주변 공연, 페스티벌, 이벤트, 행사장 등 관련 정보를 제공하는 서비스 3. 이용자의 현재 위치와 행사장 위치를 기반으로 행사장 탐색 및 위치 확인을 지원하는 서비스 4. 기타 회사가 개인위치정보를 활용하여 추가 개발하거나 제공하는 서비스 제5조(개인위치정보의 수집ㆍ이용ㆍ보유) 1. 회사는 위치기반서비스 제공을 위하여 개인위치정보를 수집ㆍ이용할 수 있습니다. 2. 회사는 위치기반서비스 제공 목적 달성 시 개인위치정보를 즉시 파기합니다. 3. 다만, 위치정보 수집ㆍ이용ㆍ제공사실 확인자료는 관련 법령에 따라 보관할 수 있습니다. 4. 개인위치정보를 별도로 보유할 필요가 있는 경우에는 개인위치정보주체의 별도 동의를 받으며, 그 보유기간은 동의받은 날부터 최대 1년을 초과하지 않습니다. 제6조(위치정보 이용ㆍ제공사실 확인자료의 보유) 회사는 관련 법령에 따라 위치정보 이용ㆍ제공사실 확인자료를 자동으로 기록ㆍ보존합니다. 제7조(개인위치정보주체의 권리) 1. 개인위치정보주체는 회사에 대하여 언제든지 개인위치정보의 수집ㆍ이용에 대한 동의의 전부 또는 일부를 철회할 수 있습니다. 2. 개인위치정보주체는 회사에 대하여 언제든지 개인위치정보의 수집ㆍ이용의 일시적인 중지를 요구할 수 있습니다. 3. 개인위치정보주체는 회사에 대하여 다음 각 호의 자료에 대한 열람 또는 고지를 요구할 수 있으며, 회사는 정당한 사유 없이 이를 거절할 수 없습니다.    가. 본인에 대한 위치정보 수집ㆍ이용ㆍ제공사실 확인자료    나. 본인의 개인위치정보가 제3자에게 제공된 이유 및 내용 4. 개인위치정보주체는 제1항부터 제3항의 권리행사를 위하여 고객센터(help@playtap.co.kr)로 요청할 수 있습니다. 제8조(법정대리인의 권리) 1. 회사는 14세 미만 아동의 개인위치정보를 수집ㆍ이용하고자 하는 경우 법정대리인의 동의를 받습니다. 2. 이 경우 법정대리인은 제7조에 따른 개인위치정보주체의 권리를 행사할 수 있습니다. 제9조(개인위치정보의 제3자 제공) 1. 회사는 이용자의 동의 없이 개인위치정보를 제3자에게 제공하지 않습니다. 2. 다만, 법령에 특별한 규정이 있거나 수사기관 등의 적법한 요청이 있는 경우에는 관계 법령에 따라 제공할 수 있습니다. 3. 회사가 향후 개인위치정보를 개인위치정보주체가 지정하는 제3자에게 제공하는 서비스를 도입하는 경우, 제공받는 자, 제공목적 등을 사전에 고지하고 별도 동의를 받습니다. 제10조(서비스 이용의 제한 및 중지) 1. 회사는 다음 각 호의 어느 하나에 해당하는 경우 서비스 제공을 제한하거나 중지할 수 있습니다.    가. 서비스 설비의 점검, 보수 또는 공사로 인하여 부득이한 경우    나. 전기통신사업법에 따른 통신사업자가 전기통신서비스를 중지한 경우    다. 국가비상사태, 서비스 설비 장애, 서비스 이용 폭주, 기타 불가항력적 사유가 있는 경우 2. 회사는 전항에 따라 서비스 제공을 제한하거나 중지하는 경우 사전에 공지합니다. 다만, 사전에 공지할 수 없는 부득이한 사유가 있는 경우 사후에 공지할 수 있습니다. 제11조(손해배상) 1. 회사가 관련 법령 또는 본 약관을 위반하여 개인위치정보주체에게 손해를 발생하게 한 경우, 개인위치정보주체는 회사에 대하여 손해배상을 청구할 수 있습니다. 2. 개인위치정보주체가 본 약관의 규정을 위반하여 회사에 손해를 발생하게 한 경우 회사는 개인위치정보주체에 대하여 손해배상을 청구할 수 있습니다. 제12조(면책) 1. 회사는 천재지변, 전쟁, 폭동, 테러, 정부의 규제, 통신장애, 해킹, 시스템 장애 등 회사의 합리적인 통제 범위를 벗어난 사유로 서비스를 제공할 수 없는 경우 책임을 지지 않습니다. 2. 회사는 이용자의 귀책사유로 인한 서비스 이용장애에 대하여 책임을 지지 않습니다. 3. 회사는 외부 행사 주최자, 장소 운영자, 제휴사 등의 사정으로 인한 행사 위치정보, 장소정보, 일정정보 변경에 대하여 회사의 고의 또는 과실이 없는 한 책임을 지지 않습니다. 제13조(분쟁의 조정 및 관할) 1. 회사와 개인위치정보주체 간 분쟁이 발생한 경우, 당사자는 성실히 협의하여 해결하도록 노력합니다. 2. 협의가 이루어지지 않을 경우 관련 법령에 따른 분쟁조정 절차에 따릅니다. 3. 본 약관과 관련한 소송은 대한민국 법률을 준거법으로 하며, 관련 법령에 따른 관할법원에 제기합니다. 제14조(사업자 정보) 1. 상호: 주식회사 판 2. 서비스명: PLAYTAB 3. 주소: ※ 추후 작성 예정 4. 전화번호: ※ 추후 작성 예정 5. 이메일: help@playtap.co.kr 부칙 본 약관은 [2026년 3월 __일]부터 시행합니다.","[1] PLAYTAB 위치기반서비스 이용약관

PLAYTAB 위치기반서비스 이용약관

제1조(목적)
이 약관은 주식회사 판(이하 “회사”)이 제공하는 PLAYTAB 위치기반서비스와 관련하여 회사와 개인위치정보주체의 권리, 의무 및 책임사항, 기타 필요한 사항을 규정함을 목적으로 합니다.

제2조(정의)
1. “서비스”란 회사가 제공하는 PLAYTAB 애플리케이션 및 관련 플랫폼에서 개인위치정보를 이용하여 제공하는 위치기반서비스를 말합니다.
2. “개인위치정보”란 특정 개인의 위치정보를 말합니다.
3. “개인위치정보주체”란 개인위치정보에 의하여 식별되는 자로서 당해 개인위치정보의 주체인 이용자를 말합니다.
4. “위치기반서비스”란 회사가 이용자의 개인위치정보를 이용하여 제공하는 서비스 일체를 말합니다.

제3조(약관의 효력 및 변경)
1. 본 약관은 서비스를 신청한 이용자 또는 개인위치정보주체가 본 약관에 동의하고 회사가 정한 절차에 따라 서비스 이용을 승낙함으로써 효력이 발생합니다.
2. 회사는 관련 법령에 위배되지 않는 범위에서 본 약관을 변경할 수 있습니다.
3. 회사가 약관을 변경할 경우 적용일자 및 변경사유를 명시하여 적용일자 7일 전부터 공지합니다. 다만, 이용자에게 불리한 변경의 경우에는 적용일자 30일 전부터 공지합니다.
4. 이용자가 변경약관 시행일까지 거부 의사를 표시하지 아니하고 서비스를 계속 이용하는 경우 변경약관에 동의한 것으로 봅니다.

제4조(서비스의 내용)
회사가 제공하는 위치기반서비스의 내용은 다음과 같습니다.
1. 이용자의 현재 위치를 지도상에 표시하는 서비스
2. 이용자의 현재 위치를 기준으로 주변 공연, 페스티벌, 이벤트, 행사장 등 관련 정보를 제공하는 서비스
3. 이용자의 현재 위치와 행사장 위치를 기반으로 행사장 탐색 및 위치 확인을 지원하는 서비스
4. 기타 회사가 개인위치정보를 활용하여 추가 개발하거나 제공하는 서비스

제5조(개인위치정보의 수집ㆍ이용ㆍ보유)
1. 회사는 위치기반서비스 제공을 위하여 개인위치정보를 수집ㆍ이용할 수 있습니다.
2. 회사는 위치기반서비스 제공 목적 달성 시 개인위치정보를 즉시 파기합니다.
3. 다만, 위치정보 수집ㆍ이용ㆍ제공사실 확인자료는 관련 법령에 따라 보관할 수 있습니다.
4. 개인위치정보를 별도로 보유할 필요가 있는 경우에는 개인위치정보주체의 별도 동의를 받으며, 그 보유기간은 동의받은 날부터 최대 1년을 초과하지 않습니다.

제6조(위치정보 이용ㆍ제공사실 확인자료의 보유)
회사는 관련 법령에 따라 위치정보 이용ㆍ제공사실 확인자료를 자동으로 기록ㆍ보존합니다.

제7조(개인위치정보주체의 권리)
1. 개인위치정보주체는 회사에 대하여 언제든지 개인위치정보의 수집ㆍ이용에 대한 동의의 전부 또는 일부를 철회할 수 있습니다.
2. 개인위치정보주체는 회사에 대하여 언제든지 개인위치정보의 수집ㆍ이용의 일시적인 중지를 요구할 수 있습니다.
3. 개인위치정보주체는 회사에 대하여 다음 각 호의 자료에 대한 열람 또는 고지를 요구할 수 있으며, 회사는 정당한 사유 없이 이를 거절할 수 없습니다.
   가. 본인에 대한 위치정보 수집ㆍ이용ㆍ제공사실 확인자료
   나. 본인의 개인위치정보가 제3자에게 제공된 이유 및 내용
4. 개인위치정보주체는 제1항부터 제3항의 권리행사를 위하여 고객센터(help@playtap.co.kr)로 요청할 수 있습니다.

제8조(법정대리인의 권리)
1. 회사는 14세 미만 아동의 개인위치정보를 수집ㆍ이용하고자 하는 경우 법정대리인의 동의를 받습니다.
2. 이 경우 법정대리인은 제7조에 따른 개인위치정보주체의 권리를 행사할 수 있습니다.

제9조(개인위치정보의 제3자 제공)
1. 회사는 이용자의 동의 없이 개인위치정보를 제3자에게 제공하지 않습니다.
2. 다만, 법령에 특별한 규정이 있거나 수사기관 등의 적법한 요청이 있는 경우에는 관계 법령에 따라 제공할 수 있습니다.
3. 회사가 향후 개인위치정보를 개인위치정보주체가 지정하는 제3자에게 제공하는 서비스를 도입하는 경우, 제공받는 자, 제공목적 등을 사전에 고지하고 별도 동의를 받습니다.

제10조(서비스 이용의 제한 및 중지)
1. 회사는 다음 각 호의 어느 하나에 해당하는 경우 서비스 제공을 제한하거나 중지할 수 있습니다.
   가. 서비스 설비의 점검, 보수 또는 공사로 인하여 부득이한 경우
   나. 전기통신사업법에 따른 통신사업자가 전기통신서비스를 중지한 경우
   다. 국가비상사태, 서비스 설비 장애, 서비스 이용 폭주, 기타 불가항력적 사유가 있는 경우
2. 회사는 전항에 따라 서비스 제공을 제한하거나 중지하는 경우 사전에 공지합니다. 다만, 사전에 공지할 수 없는 부득이한 사유가 있는 경우 사후에 공지할 수 있습니다.

제11조(손해배상)
1. 회사가 관련 법령 또는 본 약관을 위반하여 개인위치정보주체에게 손해를 발생하게 한 경우, 개인위치정보주체는 회사에 대하여 손해배상을 청구할 수 있습니다.
2. 개인위치정보주체가 본 약관의 규정을 위반하여 회사에 손해를 발생하게 한 경우 회사는 개인위치정보주체에 대하여 손해배상을 청구할 수 있습니다.

제12조(면책)
1. 회사는 천재지변, 전쟁, 폭동, 테러, 정부의 규제, 통신장애, 해킹, 시스템 장애 등 회사의 합리적인 통제 범위를 벗어난 사유로 서비스를 제공할 수 없는 경우 책임을 지지 않습니다.
2. 회사는 이용자의 귀책사유로 인한 서비스 이용장애에 대하여 책임을 지지 않습니다.
3. 회사는 외부 행사 주최자, 장소 운영자, 제휴사 등의 사정으로 인한 행사 위치정보, 장소정보, 일정정보 변경에 대하여 회사의 고의 또는 과실이 없는 한 책임을 지지 않습니다.

제13조(분쟁의 조정 및 관할)
1. 회사와 개인위치정보주체 간 분쟁이 발생한 경우, 당사자는 성실히 협의하여 해결하도록 노력합니다.
2. 협의가 이루어지지 않을 경우 관련 법령에 따른 분쟁조정 절차에 따릅니다.
3. 본 약관과 관련한 소송은 대한민국 법률을 준거법으로 하며, 관련 법령에 따른 관할법원에 제기합니다.

제14조(사업자 정보)
1. 상호: 주식회사 판
2. 서비스명: PLAYTAB
3. 주소: ※ 추후 작성 예정
4. 전화번호: ※ 추후 작성 예정
5. 이메일: help@playtap.co.kr

부칙
본 약관은 [2026년 3월 __일]부터 시행합니다.
","[1] PLAYTAP Location-Based Service Terms of Use

PLAYTAP Location-Based Service Terms of Use

Article 1 (Purpose)
These Terms set forth the rights, obligations, responsibilities, and other necessary matters between PAN Inc. (the “Company”) and the subject of personal location information in relation to the PLAYTAP location-based services provided by the Company.

Article 2 (Definitions)
1. “Service” means the location-based services provided by the Company through the PLAYTAP application and related platforms using personal location information.
2. “Personal location information” means location information of a specific individual.
3. “Subject of personal location information” means a user who is identified by personal location information and is the subject of such personal location information.
4. “Location-based services” means all services provided by the Company using the user’s personal location information.

Article 3 (Effect and Amendment of Terms)
1. These Terms take effect when a user or subject of personal location information who applies for the Service agrees to these Terms and the Company approves use of the Service according to the procedures set by the Company.
2. The Company may amend these Terms within the scope permitted by applicable laws.
3. If the Company amends these Terms, it will announce the effective date and reason for amendment at least 7 days before the effective date. If the amendment is disadvantageous to users, notice will be provided at least 30 days before the effective date.
4. If a user does not express refusal by the effective date of the amended Terms and continues using the Service, the user will be deemed to have agreed to the amended Terms.

Article 4 (Details of Service)
The location-based services provided by the Company are as follows.
1. A service that displays the user’s current location on a map
2. A service that provides information on nearby performances, festivals, events, venues, and related matters based on the user’s current location
3. A service that supports venue exploration and location confirmation based on the user’s current location and the event venue location
4. Other services additionally developed or provided by the Company using personal location information

Article 5 (Collection, Use, and Retention of Personal Location Information)
1. The Company may collect and use personal location information to provide location-based services.
2. The Company will promptly destroy personal location information once the purpose of providing location-based services has been achieved.
3. However, records confirming the collection, use, and provision of location information may be retained in accordance with applicable laws.
4. If personal location information needs to be retained separately, the Company will obtain separate consent from the subject of personal location information, and the retention period will not exceed one year from the date of consent.

Article 6 (Retention of Records Confirming Use and Provision of Location Information)
The Company automatically records and preserves records confirming the use and provision of location information in accordance with applicable laws.

Article 7 (Rights of the Subject of Personal Location Information)
1. The subject of personal location information may withdraw all or part of consent to the collection and use of personal location information at any time.
2. The subject of personal location information may request the temporary suspension of collection and use of personal location information at any time.
3. The subject of personal location information may request access to or notification of the following materials, and the Company may not refuse without just cause.
   A. Records confirming the collection, use, and provision of location information about the person
   B. Reasons and details of the provision of the person’s personal location information to a third party
4. To exercise the rights under Paragraphs 1 through 3, the subject of personal location information may contact Customer Support at help@playtap.co.kr.

Article 8 (Rights of Legal Representatives)
1. If the Company intends to collect or use personal location information of a child under the age of 14, it will obtain consent from the child’s legal representative.
2. In such case, the legal representative may exercise the rights of the subject of personal location information under Article 7.

Article 9 (Provision of Personal Location Information to Third Parties)
1. The Company will not provide personal location information to third parties without the user’s consent.
2. However, the Company may provide such information in accordance with applicable laws if specially provided by law or if there is a lawful request from an investigative agency.
3. If the Company introduces a service in the future that provides personal location information to a third party designated by the subject of personal location information, the Company will provide prior notice of the recipient, purpose of provision, and other matters and obtain separate consent.

Article 10 (Restriction and Suspension of Service Use)
1. The Company may restrict or suspend the Service in any of the following cases.
   A. Where unavoidable due to inspection, maintenance, or construction of service facilities
   B. Where a telecommunications business operator suspends telecommunications services under the Telecommunications Business Act
   C. Where there is a national emergency, service facility failure, surge in service usage, or other force majeure event
2. If the Company restricts or suspends the Service pursuant to the preceding paragraph, it will provide prior notice. However, if prior notice is not possible due to unavoidable circumstances, notice may be provided afterward.

Article 11 (Damages)
1. If the Company causes damage to the subject of personal location information by violating applicable laws or these Terms, the subject of personal location information may claim damages from the Company.
2. If the subject of personal location information causes damage to the Company by violating these Terms, the Company may claim damages from the subject of personal location information.

Article 12 (Disclaimer)
1. The Company is not liable if it cannot provide the Service due to causes beyond its reasonable control, such as natural disasters, war, riots, terrorism, government regulation, communication failure, hacking, or system failure.
2. The Company is not liable for service disruptions caused by reasons attributable to the user.
3. The Company is not liable for changes in event location information, venue information, or schedule information due to circumstances of external event organizers, venue operators, partners, or others, unless caused by the Company’s intent or negligence.

Article 13 (Dispute Mediation and Jurisdiction)
1. If a dispute arises between the Company and the subject of personal location information, the parties will make sincere efforts to resolve it through consultation.
2. If consultation fails, the dispute will follow dispute mediation procedures under applicable laws.
3. Lawsuits related to these Terms will be governed by the laws of the Republic of Korea and filed with the competent court under applicable laws.

Article 14 (Business Information)
1. Company name: PAN Inc.
2. Service name: PLAYTAP
3. Address: ※ To be added later
4. Phone number: ※ To be added later
5. Email: help@playtap.co.kr

Addendum
These Terms take effect on [March __, 2026].
","[1] PLAYTAP位置情報サービス利用規約

PLAYTAP位置情報サービス利用規約

第1条（目的）
本規約は、株式会社PAN（以下「会社」）が提供するPLAYTAP位置情報サービスに関連し、会社と個人位置情報主体の権利、義務、責任事項、その他必要な事項を定めることを目的とします。

第2条（定義）
1. 「サービス」とは、会社がPLAYTAPアプリケーションおよび関連プラットフォームで個人位置情報を利用して提供する位置情報サービスをいいます。
2. 「個人位置情報」とは、特定の個人の位置情報をいいます。
3. 「個人位置情報主体」とは、個人位置情報により識別される者であり、当該個人位置情報の主体である利用者をいいます。
4. 「位置情報サービス」とは、会社が利用者の個人位置情報を利用して提供するサービス一切をいいます。

第3条（規約の効力および変更）
1. 本規約は、サービスを申請した利用者または個人位置情報主体が本規約に同意し、会社が定めた手続に従ってサービス利用を承認することにより効力を生じます。
2. 会社は、関連法令に違反しない範囲で本規約を変更することができます。
3. 会社が規約を変更する場合、適用日および変更理由を明示し、適用日の7日前から告知します。ただし、利用者に不利な変更の場合は適用日の30日前から告知します。
4. 利用者が変更規約の施行日までに拒否の意思を表示せず、サービスの利用を継続する場合、変更規約に同意したものとみなします。

第4条（サービス内容）
会社が提供する位置情報サービスの内容は次のとおりです。
1. 利用者の現在位置を地図上に表示するサービス
2. 利用者の現在位置を基準に周辺の公演、フェスティバル、イベント、会場などの関連情報を提供するサービス
3. 利用者の現在位置とイベント会場の位置に基づき、会場探索および位置確認を支援するサービス
4. その他、会社が個人位置情報を活用して追加開発または提供するサービス

第5条（個人位置情報の収集・利用・保有）
1. 会社は、位置情報サービス提供のために個人位置情報を収集・利用することができます。
2. 会社は、位置情報サービス提供の目的を達成した場合、個人位置情報を直ちに破棄します。
3. ただし、位置情報の収集・利用・提供事実確認資料は、関連法令に従って保管することができます。
4. 個人位置情報を別途保有する必要がある場合、会社は個人位置情報主体の別途同意を得るものとし、その保有期間は同意日から最大1年を超えないものとします。

第6条（位置情報利用・提供事実確認資料の保有）
会社は、関連法令に従って位置情報利用・提供事実確認資料を自動的に記録・保存します。

第7条（個人位置情報主体の権利）
1. 個人位置情報主体は、会社に対していつでも個人位置情報の収集・利用に対する同意の全部または一部を撤回できます。
2. 個人位置情報主体は、会社に対していつでも個人位置情報の収集・利用の一時停止を求めることができます。
3. 個人位置情報主体は、会社に対して次の各号の資料の閲覧または通知を求めることができ、会社は正当な理由なくこれを拒否できません。
   イ. 本人に関する位置情報収集・利用・提供事実確認資料
   ロ. 本人の個人位置情報が第三者に提供された理由および内容
4. 個人位置情報主体は、第1項から第3項の権利行使のため、カスタマーサポート（help@playtap.co.kr）に請求できます。

第8条（法定代理人の権利）
1. 会社は、14歳未満の児童の個人位置情報を収集・利用しようとする場合、法定代理人の同意を得ます。
2. この場合、法定代理人は第7条に定める個人位置情報主体の権利を行使できます。

第9条（個人位置情報の第三者提供）
1. 会社は、利用者の同意なく個人位置情報を第三者に提供しません。
2. ただし、法令に特別な規定がある場合、または捜査機関などから適法な要請がある場合は、関係法令に従って提供することがあります。
3. 会社が今後、個人位置情報主体が指定する第三者に個人位置情報を提供するサービスを導入する場合、提供先、提供目的などを事前に告知し、別途同意を得ます。

第10条（サービス利用の制限および中止）
1. 会社は、次の各号のいずれかに該当する場合、サービスの提供を制限または中止できます。
   イ. サービス設備の点検、保守または工事によりやむを得ない場合
   ロ. 電気通信事業法に基づく通信事業者が電気通信サービスを中止した場合
   ハ. 国家非常事態、サービス設備障害、サービス利用の集中、その他不可抗力事由がある場合
2. 会社は、前項に従ってサービス提供を制限または中止する場合、事前に告知します。ただし、事前告知ができないやむを得ない理由がある場合は、事後に告知することができます。

第11条（損害賠償）
1. 会社が関連法令または本規約に違反し、個人位置情報主体に損害を発生させた場合、個人位置情報主体は会社に対して損害賠償を請求できます。
2. 個人位置情報主体が本規約の規定に違反し、会社に損害を発生させた場合、会社は個人位置情報主体に対して損害賠償を請求できます。

第12条（免責）
1. 会社は、天災地変、戦争、暴動、テロ、政府規制、通信障害、ハッキング、システム障害など、会社の合理的な管理範囲を超える事由によりサービスを提供できない場合、責任を負いません。
2. 会社は、利用者の責めに帰すべき事由によるサービス利用障害について責任を負いません。
3. 会社は、外部イベント主催者、会場運営者、提携先などの事情によるイベント位置情報、会場情報、日程情報の変更について、会社の故意または過失がない限り責任を負いません。

第13条（紛争の調整および管轄）
1. 会社と個人位置情報主体との間で紛争が発生した場合、当事者は誠実に協議して解決するよう努めます。
2. 協議が成立しない場合、関連法令に基づく紛争調整手続に従います。
3. 本規約に関連する訴訟は大韓民国法を準拠法とし、関連法令に基づく管轄裁判所に提起します。

第14条（事業者情報）
1. 商号：株式会社PAN
2. サービス名：PLAYTAP
3. 住所：※ 後日記載予定
4. 電話番号：※ 後日記載予定
5. メール：help@playtap.co.kr

附則
本規約は［2026年3月__日］から施行します。
","[1] PLAYTAP 位置服务使用条款

PLAYTAP 位置服务使用条款

第1条（目的）
本条款旨在规定 PAN 株式会社（以下简称“公司”）提供的 PLAYTAP 位置服务相关的公司与个人位置信息主体之间的权利、义务、责任事项及其他必要事项。

第2条（定义）
1. “服务”是指公司通过 PLAYTAP 应用程序及相关平台，利用个人位置信息提供的位置服务。
2. “个人位置信息”是指特定个人的位置信息。
3. “个人位置信息主体”是指可通过个人位置信息识别，并作为该个人位置信息主体的用户。
4. “位置服务”是指公司利用用户个人位置信息提供的一切服务。

第3条（条款效力及变更）
1. 本条款在申请服务的用户或个人位置信息主体同意本条款，并由公司按照规定程序批准服务使用时生效。
2. 公司可在不违反相关法律法规的范围内变更本条款。
3. 公司变更条款时，将明确适用日期及变更理由，并自适用日期7日前起公告。但对用户不利的变更，将自适用日期30日前起公告。
4. 用户在变更条款施行日前未表示拒绝并继续使用服务的，视为同意变更后的条款。

第4条（服务内容）
公司提供的位置服务内容如下。
1. 在地图上显示用户当前位置的服务
2. 基于用户当前位置提供周边演出、庆典、活动、场地等相关信息的服务
3. 基于用户当前位置与活动场地位置，支持场地查找及位置确认的服务
4. 公司利用个人位置信息追加开发或提供的其他服务

第5条（个人位置信息的收集、使用及保留）
1. 公司可为提供位置服务而收集、使用个人位置信息。
2. 公司在达到位置服务提供目的后，将立即删除个人位置信息。
3. 但位置资料收集、使用、提供事实确认资料可依据相关法律法规保存。
4. 如需另行保留个人位置信息，公司将另行取得个人位置信息主体的同意，保留期限自同意日起最长不超过1年。

第6条（位置资料使用、提供事实确认资料的保留）
公司将依据相关法律法规自动记录并保存位置资料使用、提供事实确认资料。

第7条（个人位置信息主体的权利）
1. 个人位置信息主体可随时向公司撤回其对个人位置信息收集、使用的全部或部分同意。
2. 个人位置信息主体可随时向公司要求暂时停止收集、使用个人位置信息。
3. 个人位置信息主体可要求公司阅览或告知下列资料，公司不得无正当理由拒绝。
   一. 关于本人的位置资料收集、使用、提供事实确认资料
   二. 本人的个人位置信息被提供给第三方的理由及内容
4. 个人位置信息主体可通过客服中心（help@playtap.co.kr）行使第1项至第3项的权利。

第8条（法定代理人的权利）
1. 公司拟收集、使用14岁以下儿童的个人位置信息时，将取得法定代理人的同意。
2. 在此情况下，法定代理人可行使第7条规定的个人位置信息主体权利。

第9条（个人位置信息向第三方提供）
1. 未经用户同意，公司不会向第三方提供个人位置信息。
2. 但法律法规另有特别规定，或侦查机关等提出合法请求时，公司可依据相关法律法规提供。
3. 如公司今后引入向个人位置信息主体指定的第三方提供个人位置信息的服务，将事先告知接收方、提供目的等，并另行取得同意。

第10条（服务使用限制及中止）
1. 出现下列任一情况时，公司可限制或中止服务提供。
   一. 因服务设备检查、维护或施工而不可避免时
   二. 电信运营商依据电信事业法中止电信服务时
   三. 发生国家紧急状态、服务设备故障、服务使用量激增或其他不可抗力事由时
2. 公司依据前项限制或中止服务提供时，将事先公告。但因不可避免事由无法事先公告的，可事后公告。

第11条（损害赔偿）
1. 公司违反相关法律法规或本条款，导致个人位置信息主体遭受损害的，个人位置信息主体可向公司请求损害赔偿。
2. 个人位置信息主体违反本条款规定，导致公司遭受损害的，公司可向个人位置信息主体请求损害赔偿。

第12条（免责声明）
1. 因自然灾害、战争、暴动、恐怖活动、政府管制、通信故障、黑客攻击、系统故障等超出公司合理控制范围的原因导致无法提供服务的，公司不承担责任。
2. 公司不对因用户原因造成的服务使用障碍承担责任。
3. 因外部活动主办方、场地运营方、合作方等原因导致活动位置信息、场地信息、日程信息变更的，除公司存在故意或过失外，公司不承担责任。

第13条（争议调解及管辖）
1. 公司与个人位置信息主体之间发生争议时，双方应诚实协商并努力解决。
2. 协商不成的，依相关法律法规规定的争议调解程序处理。
3. 与本条款相关的诉讼以大韩民国法律为准据法，并提交相关法律法规规定的管辖法院。

第14条（经营者信息）
1. 名称：PAN 株式会社
2. 服务名称：PLAYTAP
3. 地址：※ 后续填写
4. 电话号码：※ 后续填写
5. 邮箱：help@playtap.co.kr

附则
本条款自［2026年3月__日］起施行。
","[1] PLAYTAP 位置資訊服務使用條款

PLAYTAP 位置資訊服務使用條款

第1條（目的）
本條款旨在規定 PAN 株式會社（以下稱「公司」）提供的 PLAYTAP 位置資訊服務相關之公司與個人位置資訊主體之間的權利、義務、責任事項及其他必要事項。

第2條（定義）
1. 「服務」是指公司透過 PLAYTAP 應用程式及相關平台，利用個人位置資訊提供的位置資訊服務。
2. 「個人位置資訊」是指特定個人的位置資訊。
3. 「個人位置資訊主體」是指可透過個人位置資訊識別，並作為該個人位置資訊主體的使用者。
4. 「位置資訊服務」是指公司利用使用者個人位置資訊提供的一切服務。

第3條（條款效力及變更）
1. 本條款在申請服務的使用者或個人位置資訊主體同意本條款，並由公司依規定程序核准服務使用時生效。
2. 公司可在不違反相關法律法規的範圍內變更本條款。
3. 公司變更條款時，將明確適用日期及變更理由，並自適用日期7日前起公告。但對使用者不利的變更，將自適用日期30日前起公告。
4. 使用者在變更條款施行日前未表示拒絕並繼續使用服務的，視為同意變更後的條款。

第4條（服務內容）
公司提供的位置資訊服務內容如下。
1. 在地圖上顯示使用者目前位置的服務
2. 基於使用者目前位置提供周邊演出、慶典、活動、場地等相關資訊的服務
3. 基於使用者目前位置與活動場地位置，支援場地查找及位置確認的服務
4. 公司利用個人位置資訊追加開發或提供的其他服務

第5條（個人位置資訊的蒐集、使用及保留）
1. 公司可為提供位置資訊服務而蒐集、使用個人位置資訊。
2. 公司在達成位置資訊服務提供目的後，將立即刪除個人位置資訊。
3. 但位置資訊蒐集、使用、提供事實確認資料可依相關法律法規保存。
4. 如需另行保留個人位置資訊，公司將另行取得個人位置資訊主體的同意，保留期限自同意日起最長不超過1年。

第6條（位置資訊使用、提供事實確認資料的保留）
公司將依相關法律法規自動記錄並保存位置資訊使用、提供事實確認資料。

第7條（個人位置資訊主體的權利）
1. 個人位置資訊主體可隨時向公司撤回其對個人位置資訊蒐集、使用的全部或部分同意。
2. 個人位置資訊主體可隨時向公司要求暫時停止蒐集、使用個人位置資訊。
3. 個人位置資訊主體可要求公司閱覽或告知下列資料，公司不得無正當理由拒絕。
   一. 關於本人的位置資訊蒐集、使用、提供事實確認資料
   二. 本人的個人位置資訊被提供給第三方的理由及內容
4. 個人位置資訊主體可透過客服中心（help@playtap.co.kr）行使第1項至第3項的權利。

第8條（法定代理人的權利）
1. 公司擬蒐集、使用14歲以下兒童的個人位置資訊時，將取得法定代理人的同意。
2. 在此情況下，法定代理人可行使第7條規定的個人位置資訊主體權利。

第9條（個人位置資訊向第三方提供）
1. 未經使用者同意，公司不會向第三方提供個人位置資訊。
2. 但法律法規另有特別規定，或偵查機關等提出合法請求時，公司可依相關法律法規提供。
3. 如公司今後導入向個人位置資訊主體指定的第三方提供個人位置資訊的服務，將事先告知接收方、提供目的等，並另行取得同意。

第10條（服務使用限制及中止）
1. 出現下列任一情況時，公司可限制或中止服務提供。
   一. 因服務設備檢查、維護或施工而不可避免時
   二. 電信業者依電信事業法中止電信服務時
   三. 發生國家緊急狀態、服務設備故障、服務使用量激增或其他不可抗力事由時
2. 公司依前項限制或中止服務提供時，將事先公告。但因不可避免事由無法事先公告的，可事後公告。

第11條（損害賠償）
1. 公司違反相關法律法規或本條款，導致個人位置資訊主體遭受損害的，個人位置資訊主體可向公司請求損害賠償。
2. 個人位置資訊主體違反本條款規定，導致公司遭受損害的，公司可向個人位置資訊主體請求損害賠償。

第12條（免責）
1. 因天然災害、戰爭、暴動、恐怖活動、政府管制、通訊故障、駭客攻擊、系統故障等超出公司合理控制範圍的原因導致無法提供服務的，公司不承擔責任。
2. 公司不對因使用者原因造成的服務使用障礙承擔責任。
3. 因外部活動主辦方、場地營運方、合作方等原因導致活動位置資訊、場地資訊、日程資訊變更的，除公司存在故意或過失外，公司不承擔責任。

第13條（爭議調解及管轄）
1. 公司與個人位置資訊主體之間發生爭議時，雙方應誠實協商並努力解決。
2. 協商不成的，依相關法律法規規定的爭議調解程序處理。
3. 與本條款相關的訴訟以大韓民國法律為準據法，並提交相關法律法規規定的管轄法院。

第14條（經營者資訊）
1. 名稱：PAN 株式會社
2. 服務名稱：PLAYTAP
3. 地址：※ 後續填寫
4. 電話號碼：※ 後續填寫
5. 電子信箱：help@playtap.co.kr

附則
本條款自［2026年3月__日］起施行。
"
"I1725:14009;1309:8439[I1725:14079;1309:8439,I1725:14061;1309:8439]",이용 약관동의,해당 약관에 동의합니다.,I agree to these terms.,この規約に同意します。,我同意该条款。,我同意該條款。
"I1099:10574;201:2501[I1430:12837;1390:16052;1378:15984,I1430:12865;201:2501,I1430:12930;201:2501,I1430:12983;201:2501,I1430:13036;201:2501,I1390:16368;1379:16094;1378:15984,I1780:17343;1379:16094;1378:15984,I1780:17617;1379:16094;1378:15984,I1780:17692;1379:16094;1378:15984,I1780:17766;1379:16094;1378:15984]",메인 문구,비밀번호를 입력해주세요.,Please enter your password.,パスワードを入力してください。,请输入密码。,請輸入密碼。
"I1099:10574;201:2502[I1430:12865;201:2502,I1430:12930;201:2502,I1430:12983;201:2502,I1430:13036;201:2502]",서브 문구,"영문/숫자 혼합, 8글자 이상으로 만들어주세요.","Use at least 8 characters, including letters and numbers.",英字と数字を組み合わせて、8文字以上で設定してください。,请使用英文和数字组合，至少8个字符。,請使用英文字母與數字組合，至少8個字元。
"I1430:12837;1390:16048[I1430:12867;1390:16048,I1430:12932;1390:16048,I1430:12985;1390:16048,I1430:13038;1390:16048]",레이블,비밀번호,Password,パスワード,密码,密碼
"I1430:12849;1390:16048[I1430:12915;1390:16048,I1430:12933;1390:16048,I1430:12986;1390:16048,I1430:13039;1390:16048]",레이블,비밀번호 확인,Confirm Password,パスワード確認,确认密码,確認密碼
"I1430:12849;1390:16052;1378:15984[I1430:12915;1390:16052;1378:15984,I1430:12933;1390:16052;1378:15984]",텍스트,비밀번호를 한 번 더 입력해주세요.,Please enter your password again.,パスワードをもう一度入力してください。,请再次输入密码。,請再次輸入密碼。
"I1499:19017;1499:18640[I1499:19028;1499:18640,I1499:19040;1499:18640,I1499:19041;1499:18640,I1499:19039;1499:18640]",App Bar,비밀번호 설정,Set Password,パスワード設定,设置密码,設定密碼
I1430:12867;1390:16050,부가 설명,규칙에 맞춰 설정해주세요.,Please follow the password rules.,ルールに従って設定してください。,请按照规则进行设置。,請按照規則進行設定。
I1430:12867;1390:16052;1378:15984,텍스트,gildong,gildong,gildong,gildong,gildong
"I1430:12932;1390:16052;1378:15984[I1430:12985;1390:16052;1378:15984,I1430:13038;1390:16052;1378:15984,I1430:13039;1390:16052;1378:15984,1408:16324,1408:16381,1408:16437,1426:12057,1430:12711,1430:12767,I1780:17491;1379:16094;1378:15984]",텍스트,gildong1234,gildong1234,gildong1234,gildong1234,gildong1234
I1430:12986;1390:16050,부가 설명,비밀번호가 일치하지 않습니다.,Passwords do not match.,パスワードが一致しません。,密码不一致。,密碼不一致。
I1430:12986;1390:16052;1378:15984,텍스트,gildong12345,gildong12345,gildong12345,gildong12345,gildong12345
I1099:10852;201:2501,메인 문구,회원가입이 완료되었어요.,Your sign-up is complete.,会員登録が完了しました。,注册已完成。,註冊已完成。
I1099:10852;201:2502,서브 문구,PLAYTAB과 함께 ODYSSEY를 즐겨봐요.,Enjoy ODYSSEY with PLAYTAP.,PLAYTAPと一緒にODYSSEYを楽しみましょう。,和 PLAYTAP 一起享受 ODYSSEY 吧。,和 PLAYTAP 一起享受 ODYSSEY 吧。
I1499:19072;1499:18640,App Bar,회원가입 완료,Sign-Up Complete,会員登録完了,注册完成,註冊完成
"I1262:7175;201:2501[I1408:16200;201:2501,I1408:16257;201:2501,I1408:16314;201:2501,I1408:16371;201:2501,I1408:16427;201:2501,I1309:10505;201:2501,I1430:12702;201:2501,I1430:12758;201:2501]",메인 문구,서강대학교 이메일을 인증해주세요.,Please verify your Sogang University email.,西江大学のメールアドレスを認証してください。,请验证你的西江大学邮箱。,請驗證你的西江大學信箱。
"I1262:7175;201:2502[I1408:16200;201:2502,I1408:16257;201:2502,I1408:16314;201:2502,I1408:16371;201:2502,I1408:16427;201:2502,I1309:10505;201:2502,I1430:12702;201:2502,I1430:12758;201:2502]",서브 문구,이메일은 추후에 변경할 수 없으니 신중히 입력해주세요.,"You cannot change your email later, so please enter it carefully.",メールアドレスは後で変更できないため、慎重に入力してください。,邮箱之后无法更改，请谨慎填写。,信箱之後無法變更，請謹慎填寫。
"1408:16059[1408:16205,1408:16262,1408:16319,1408:16376,1408:16432,1426:12052,1430:12706,1430:12762]",레이블,이메일,Email,メールアドレス,邮箱,電子信箱
"1408:16080[1408:16212,1408:16269,1408:16326,1408:16383,1408:16439,1426:12059,1430:12713,1430:12769]",@sogang.ac.kr,@sogang.ac.kr,@sogang.ac.kr,@sogang.ac.kr,@sogang.ac.kr,@sogang.ac.kr
"I1408:16064;1262:7232[I1408:16213;1262:7234,I1408:16270;1262:7232,I1408:16327;1262:7234]",비활성화,발송하기,Send,送信する,发送,發送
"I1408:15640;1390:16048[I1408:16215;1390:16048,I1408:16272;1390:16048,I1408:16329;1390:16048,I1408:16386;1390:16048,I1408:16442;1390:16048,I1430:12685;1390:16048,I1430:12716;1390:16048,I1430:12772;1390:16048]",레이블,이메일 인증번호,Email Verification Code,メール認証コード,邮箱验证码,電子信箱驗證碼
"I1408:15640;1390:16052;1378:15984[I1408:16215;1390:16052;1378:15984,I1408:16272;1390:16052;1378:15984,I1408:16329;1390:16052;1378:15984,I1408:16386;1390:16052;1378:15984]",텍스트,인증번호를 입력해주세요.,Please enter the verification code.,認証コードを入力してください。,请输入验证码。,請輸入驗證碼。
"I1408:15640;1390:16053;1262:7232[I1408:16215;1390:16053;1262:7232,I1408:16272;1390:16053;1262:7232,I1408:16329;1390:16053;1262:7232,I1408:16386;1390:16053;1262:7234,I1408:16442;1390:16053;1262:7234,I1430:12685;1390:16053;1262:7234,I1430:12716;1390:16053;1262:7234,I1430:12772;1390:16053;1262:7232]",비활성화,인증하기,Verify,認証する,验证,驗證
"I1499:18918;1499:18640[I1499:18935;1499:18640,I1499:18930;1499:18640,I1499:18933;1499:18640,I1499:18929;1499:18640,I1499:18934;1499:18640,I1499:18932;1499:18640,I1499:18936;1499:18640,I1499:18931;1499:18640]",App Bar,이메일 인증,Email Verification,メール認証,邮箱验证,電子信箱驗證
1408:16210[1408:16267],alreadyexist,alreadyexist,alreadyexist,alreadyexist,alreadyexist,alreadyexist
1408:16264[1408:16321],이미 가입된 메일입니다.,이미 가입된 메일입니다.,This email is already registered.,このメールアドレスはすでに登録されています。,该邮箱已注册。,該電子信箱已註冊。
"I1408:16384;1262:7234[I1408:16440;1262:7234,I1426:12060;1262:7234,I1430:12714;1262:7234,I1430:12770;1262:7232]",활성화,재발송하기,Resend,再送信する,重新发送,重新發送
I1408:16386;1390:16050[I1408:16442;1390:16050],부가 설명,3분 이내에 인증해주세요.,Please verify within 3 minutes.,3分以内に認証してください。,请在3分钟内完成验证。,請在3分鐘內完成驗證。
I1430:12685;1390:16050[I1430:12716;1390:16050],부가 설명,인증번호가 일치하지 않습니다.,The verification code does not match.,認証コードが一致しません。,验证码不一致。,驗證碼不一致。
I1430:12772;1390:16050,부가 설명,인증되었습니다.,Verified.,認証されました。,已验证。,已驗證。
"I1240:14241;1240:13679[I1780:17337;1240:13679,I1780:17411;1240:13679,I1780:17485;1240:13679,I1780:17611;1240:13679,I1780:17835;1240:13679,I1780:17686;1240:13679,I1780:17832;1240:13679,I1780:17760;1240:13679]",토스트바,로그인에 실패했습니다. 잠시 후 시도해주세요.,Login failed. Please try again shortly.,ログインに失敗しました。しばらくしてからもう一度お試しください。,登录失败。请稍后再试。,登入失敗。請稍後再試。
"I1390:16353;1379:16094;1378:15984[I1780:17616;1379:16094;1378:15984,I1780:17691;1379:16094;1378:15984,I1780:17765;1379:16094;1378:15984]",텍스트,이메일을 입력해주세요.,Please enter your email.,メールアドレスを入力してください。,请输入邮箱。,請輸入電子信箱。
"I1390:16525;1390:16513;1390:16509[I1780:17344;1390:16513;1390:16509,I1780:17418;1390:16513;1390:16509,I1780:17492;1390:16513;1390:16509,I1780:17618;1390:16513;1390:16509,I1780:17693;1390:16513;1390:16509,I1780:17767;1390:16513;1390:16509]",버튼명,로그인 상태 유지,Keep Me Logged In,ログイン状態を保持,保持登录状态,保持登入狀態
"I1390:16525;1390:16518;1390:16509[I1780:17344;1390:16518;1390:16509,I1780:17418;1390:16518;1390:16509,I1780:17492;1390:16518;1390:16509,I1780:17618;1390:16518;1390:16509,I1780:17693;1390:16518;1390:16509,I1780:17767;1390:16518;1390:16509]",버튼명,이메일 기억하기,Remember Email,メールアドレスを保存,记住邮箱,記住電子信箱
"I1408:15525;1407:15566[I1499:18694;1499:18640,I1780:17346;1407:15566,I1780:17349;1499:18640,I1780:17420;1407:15566,I1780:17423;1499:18640,I1780:17494;1407:15566,I1780:17497;1499:18640,I1780:17620;1407:15566,I1780:17623;1499:18640,I1780:17695;1407:15566,I1780:17698;1499:18640,I1780:17769;1407:15566,I1780:17772;1499:18640]",버튼,로그인,Log In,ログイン,登录,登入
"I1378:15963;1378:15961[I1780:17347;1378:15961,I1780:17421;1378:15961,I1780:17495;1378:15961,I1780:17621;1378:15961,I1780:17696;1378:15961,I1780:17770;1378:15961]",비밀번호 찾기,비밀번호 찾기,Find Password,パスワードを探す,找回密码,找回密碼
"I1780:17342;1379:16094;1378:15984[I1780:17416;1379:16094;1378:15984,I1780:17490;1379:16094;1378:15984]",텍스트,gildong1234@sogang.ac.kr,gildong1234@sogang.ac.kr,gildong1234@sogang.ac.kr,gildong1234@sogang.ac.kr,gildong1234@sogang.ac.kr
I1780:17417;1379:16094;1378:15984,텍스트,***********,***********,***********,***********,***********
,,,,,,
,,,,,,
,,,,,,
,,,,,,
,,,,,,
,,,,,,
,,,,,,
,,,,,,
,,,,,,
,,,,,,
,,,,,,
,,,,,,
,,,,,,
,,,,,,
,,,,,,
,,,,,,
,,,,,,
,,,,,,
,,,,,,
,,,,,,
,,,,,,
,,,,,,
,,,,,,
,,,,,,
,,,,,,
,,,,,,
,,,,,,
,,,,,,
,,,,,,
,,,,,,
,,,,,,
,,,,,,
,,,,,,
,,,,,,
,,,,,,
,,,,,,
,,,,,,
,,,,,,
,,,,,,
,,,,,,
,,,,,,
,,,,,,
,,,,,,
,,,,,,
,,,,,,
,,,,,,
,,,,,,
,,,,,,
,,,,,,
,,,,,,
,,,,,,
,,,,,,
,,,,,,
,,,,,,
,,,,,,
,,,,,,
,,,,,,
,,,,,,
,,,,,,
,,,,,,
,,,,,,
,,,,,,
,,,,,,
,,,,,,
,,,,,,
,,,,,,
,,,,,,
,,,,,,
,,,,,,
,,,,,,
,,,,,,
,,,,,,
,,,,,,
,,,,,,
,,,,,,
,,,,,,
,,,,,,
,,,,,,
,,,,,,
,,,,,,
,,,,,,
,,,,,,
,,,,,,
,,,,,,
,,,,,,
,,,,,,
,,,,,,
,,,,,,
,,,,,,
,,,,,,
,,,,,,
,,,,,,
,,,,,,
,,,,,,
,,,,,,
,,,,,,
,,,,,,
,,,,,,
,,,,,,
,,,,,,
,,,,,,
,,,,,,
,,,,,,
,,,,,,
,,,,,,
,,,,,,
,,,,,,
,,,,,,
,,,,,,
,,,,,,
,,,,,,
,,,,,,
,,,,,,
,,,,,,
,,,,,,
,,,,,,
,,,,,,
,,,,,,
,,,,,,
,,,,,,
,,,,,,
,,,,,,
,,,,,,
,,,,,,
,,,,,,
,,,,,,
,,,,,,
,,,,,,
,,,,,,
,,,,,,
,,,,,,
,,,,,,
,,,,,,
,,,,,,
,,,,,,
,,,,,,
,,,,,,
,,,,,,
,,,,,,
,,,,,,
,,,,,,
,,,,,,
,,,,,,
,,,,,,
,,,,,,
,,,,,,
,,,,,,
,,,,,,
,,,,,,
,,,,,,
,,,,,,
,,,,,,
,,,,,,
,,,,,,
,,,,,,
,,,,,,
,,,,,,
,,,,,,
,,,,,,
,,,,,,
,,,,,,
,,,,,,
,,,,,,
,,,,,,
,,,,,,
,,,,,,
,,,,,,
,,,,,,
,,,,,,
,,,,,,
,,,,,,
,,,,,,
,,,,,,
,,,,,,
,,,,,,
,,,,,,
,,,,,,
,,,,,,
,,,,,,
,,,,,,
,,,,,,
,,,,,,
,,,,,,
,,,,,,
,,,,,,
,,,,,,
,,,,,,
,,,,,,
,,,,,,
,,,,,,
,,,,,,
,,,,,,
,,,,,,
,,,,,,
,,,,,,
,,,,,,
,,,,,,
,,,,,,
,,,,,,
,,,,,,
,,,,,,
,,,,,,
,,,,,,
,,,,,,
,,,,,,
,,,,,,
,,,,,,
,,,,,,
,,,,,,
,,,,,,
,,,,,,
,,,,,,
,,,,,,
,,,,,,
,,,,,,
,,,,,,
,,,,,,
,,,,,,
,,,,,,
,,,,,,
,,,,,,
,,,,,,
,,,,,,
,,,,,,
,,,,,,
,,,,,,
,,,,,,
,,,,,,
,,,,,,
,,,,,,
,,,,,,
,,,,,,
,,,,,,
,,,,,,
,,,,,,
,,,,,,
,,,,,,
,,,,,,
,,,,,,
,,,,,,
,,,,,,
,,,,,,
,,,,,,
,,,,,,
,,,,,,
,,,,,,
,,,,,,
,,,,,,
,,,,,,
,,,,,,
,,,,,,
,,,,,,
,,,,,,
,,,,,,
,,,,,,
,,,,,,
,,,,,,
,,,,,,
,,,,,,
,,,,,,
,,,,,,
,,,,,,
,,,,,,
,,,,,,
,,,,,,
,,,,,,
,,,,,,
,,,,,,
,,,,,,
,,,,,,
,,,,,,
,,,,,,
,,,,,,
,,,,,,
,,,,,,
,,,,,,
,,,,,,
,,,,,,
,,,,,,
,,,,,,
,,,,,,
,,,,,,
,,,,,,
,,,,,,
,,,,,,
,,,,,,
,,,,,,
,,,,,,
,,,,,,
,,,,,,
,,,,,,
,,,,,,
,,,,,,
,,,,,,
,,,,,,
,,,,,,
,,,,,,
,,,,,,
,,,,,,
,,,,,,
,,,,,,
,,,,,,
,,,,,,
,,,,,,
,,,,,,
,,,,,,
,,,,,,
,,,,,,
,,,,,,
,,,,,,
,,,,,,
,,,,,,
,,,,,,
,,,,,,
,,,,,,
,,,,,,
,,,,,,
,,,,,,
,,,,,,
,,,,,,
,,,,,,
,,,,,,
,,,,,,
,,,,,,
,,,,,,
,,,,,,
,,,,,,
,,,,,,
,,,,,,
,,,,,,
,,,,,,
,,,,,,
,,,,,,
,,,,,,
,,,,,,
,,,,,,
,,,,,,
,,,,,,
,,,,,,
,,,,,,
,,,,,,
,,,,,,
,,,,,,
,,,,,,
,,,,,,
,,,,,,
,,,,,,
,,,,,,
,,,,,,
,,,,,,
,,,,,,
,,,,,,
,,,,,,
,,,,,,
,,,,,,
,,,,,,
,,,,,,
,,,,,,
,,,,,,
,,,,,,
,,,,,,
,,,,,,
,,,,,,
,,,,,,
,,,,,,
,,,,,,
,,,,,,
,,,,,,
,,,,,,
,,,,,,
,,,,,,
,,,,,,
,,,,,,
,,,,,,
,,,,,,
,,,,,,
,,,,,,
,,,,,,
,,,,,,
,,,,,,
,,,,,,
,,,,,,
,,,,,,
,,,,,,
,,,,,,
,,,,,,
,,,,,,
,,,,,,
,,,,,,
,,,,,,
,,,,,,
,,,,,,
,,,,,,
,,,,,,
,,,,,,
,,,,,,
,,,,,,
,,,,,,
,,,,,,
,,,,,,
,,,,,,
,,,,,,
,,,,,,
,,,,,,
,,,,,,
,,,,,,
,,,,,,
,,,,,,
,,,,,,
,,,,,,
,,,,,,
,,,,,,
,,,,,,
,,,,,,
,,,,,,
,,,,,,
,,,,,,
,,,,,,
,,,,,,
,,,,,,
,,,,,,
,,,,,,
,,,,,,
,,,,,,
,,,,,,
,,,,,,
,,,,,,
,,,,,,
,,,,,,
,,,,,,
,,,,,,
,,,,,,
,,,,,,
,,,,,,
,,,,,,
,,,,,,
,,,,,,
,,,,,,
,,,,,,
,,,,,,
,,,,,,
,,,,,,
,,,,,,
,,,,,,
,,,,,,
,,,,,,
,,,,,,
,,,,,,
,,,,,,
,,,,,,
,,,,,,
,,,,,,
,,,,,,
,,,,,,
,,,,,,
,,,,,,
,,,,,,
,,,,,,
,,,,,,
,,,,,,
,,,,,,
,,,,,,
,,,,,,
,,,,,,
,,,,,,
,,,,,,
,,,,,,
,,,,,,
,,,,,,
,,,,,,
,,,,,,
,,,,,,
,,,,,,
,,,,,,
,,,,,,
,,,,,,
,,,,,,
,,,,,,
,,,,,,
,,,,,,
,,,,,,
,,,,,,
,,,,,,
,,,,,,
,,,,,,
,,,,,,
,,,,,,
,,,,,,
,,,,,,
,,,,,,
,,,,,,
,,,,,,
,,,,,,
,,,,,,
,,,,,,
,,,,,,
,,,,,,
,,,,,,
,,,,,,
,,,,,,
,,,,,,
,,,,,,
,,,,,,
,,,,,,
,,,,,,
,,,,,,
,,,,,,
,,,,,,
,,,,,,
,,,,,,
,,,,,,
,,,,,,
,,,,,,
,,,,,,
,,,,,,
,,,,,,
,,,,,,
,,,,,,
,,,,,,
,,,,,,
,,,,,,
,,,,,,
,,,,,,
,,,,,,
,,,,,,
,,,,,,
,,,,,,
,,,,,,
,,,,,,
,,,,,,
,,,,,,
,,,,,,
,,,,,,
,,,,,,
,,,,,,
,,,,,,
,,,,,,
,,,,,,
,,,,,,
,,,,,,
,,,,,,
,,,,,,
,,,,,,
,,,,,,
,,,,,,
,,,,,,
,,,,,,
,,,,,,
,,,,,,
,,,,,,
,,,,,,
,,,,,,
,,,,,,
,,,,,,
,,,,,,
,,,,,,
,,,,,,
,,,,,,
,,,,,,
,,,,,,
,,,,,,
,,,,,,
,,,,,,
,,,,,,
,,,,,,
,,,,,,
,,,,,,
,,,,,,
,,,,,,
,,,,,,
,,,,,,
,,,,,,
,,,,,,
,,,,,,
,,,,,,
,,,,,,
,,,,,,
,,,,,,
,,,,,,
,,,,,,
,,,,,,
,,,,,,
,,,,,,
,,,,,,
,,,,,,
,,,,,,
,,,,,,
,,,,,,
,,,,,,
,,,,,,
,,,,,,
,,,,,,
,,,,,,
,,,,,,
,,,,,,
,,,,,,
,,,,,,
,,,,,,
,,,,,,
,,,,,,
,,,,,,
,,,,,,
,,,,,,
,,,,,,
,,,,,,
,,,,,,
,,,,,,
,,,,,,
,,,,,,
,,,,,,
,,,,,,
,,,,,,
,,,,,,
,,,,,,
,,,,,,
,,,,,,
,,,,,,
,,,,,,
,,,,,,
,,,,,,
,,,,,,
,,,,,,
,,,,,,
,,,,,,
,,,,,,
,,,,,,
,,,,,,
,,,,,,
,,,,,,
,,,,,,
,,,,,,
,,,,,,
,,,,,,
,,,,,,
,,,,,,
,,,,,,
,,,,,,
,,,,,,
,,,,,,
,,,,,,
,,,,,,
,,,,,,
,,,,,,
,,,,,,
,,,,,,
,,,,,,
,,,,,,
,,,,,,
,,,,,,
,,,,,,
,,,,,,
,,,,,,
,,,,,,
,,,,,,
,,,,,,
,,,,,,
,,,,,,
,,,,,,
,,,,,,
,,,,,,
,,,,,,
,,,,,,
,,,,,,
,,,,,,
,,,,,,
,,,,,,
,,,,,,
,,,,,,
,,,,,,
,,,,,,
,,,,,,
,,,,,,
,,,,,,
,,,,,,
,,,,,,
,,,,,,
,,,,,,
,,,,,,
,,,,,,
,,,,,,
,,,,,,
,,,,,,
,,,,,,
,,,,,,
,,,,,,
,,,,,,
,,,,,,
,,,,,,
,,,,,,
,,,,,,
,,,,,,
,,,,,,
,,,,,,
,,,,,,
,,,,,,
,,,,,,
,,,,,,
,,,,,,
,,,,,,
,,,,,,
,,,,,,
,,,,,,
,,,,,,
,,,,,,
,,,,,,
,,,,,,
,,,,,,
,,,,,,
,,,,,,
,,,,,,
,,,,,,
,,,,,,
,,,,,,
,,,,,,
,,,,,,
,,,,,,
,,,,,,
,,,,,,
,,,,,,
,,,,,,
,,,,,,
,,,,,,
,,,,,,
,,,,,,
,,,,,,
,,,,,,
,,,,,,
,,,,,,
,,,,,,
,,,,,,
,,,,,,
,,,,,,
,,,,,,
,,,,,,
,,,,,,
,,,,,,
,,,,,,
,,,,,,
,,,,,,
,,,,,,
,,,,,,
,,,,,,
,,,,,,
,,,,,,
,,,,,,
,,,,,,
,,,,,,
,,,,,,
,,,,,,
,,,,,,
,,,,,,
,,,,,,
,,,,,,
,,,,,,
,,,,,,
,,,,,,
,,,,,,
,,,,,,
,,,,,,
,,,,,,
,,,,,,
,,,,,,
,,,,,,
,,,,,,
,,,,,,
,,,,,,
,,,,,,
,,,,,,
,,,,,,
,,,,,,
,,,,,,
,,,,,,
,,,,,,
,,,,,,
,,,,,,
,,,,,,
,,,,,,
,,,,,,
,,,,,,
,,,,,,
,,,,,,
,,,,,,
,,,,,,
,,,,,,
,,,,,,
,,,,,,
,,,,,,
,,,,,,
,,,,,,
,,,,,,
,,,,,,
,,,,,,
,,,,,,
,,,,,,
,,,,,,
,,,,,,
,,,,,,
,,,,,,
,,,,,,
,,,,,,
,,,,,,
,,,,,,
,,,,,,
,,,,,,
,,,,,,
,,,,,,
,,,,,,
,,,,,,
,,,,,,
,,,,,,
,,,,,,
,,,,,,
,,,,,,
,,,,,,
,,,,,,
,,,,,,
,,,,,,
,,,,,,
,,,,,,
,,,,,,
,,,,,,
,,,,,,
,,,,,,
,,,,,,
,,,,,,
,,,,,,
,,,,,,
,,,,,,
,,,,,,
,,,,,,
,,,,,,
,,,,,,
,,,,,,
,,,,,,
,,,,,,
,,,,,,
,,,,,,
,,,,,,
,,,,,,
,,,,,,
,,,,,,
,,,,,,
,,,,,,
,,,,,,
,,,,,,
,,,,,,
,,,,,,
,,,,,,
,,,,,,
,,,,,,
,,,,,,
,,,,,,
,,,,,,
,,,,,,
,,,,,,
,,,,,,
,,,,,,
,,,,,,
,,,,,,
,,,,,,
,,,,,,
,,,,,,
,,,,,,
,,,,,,
,,,,,,
,,,,,,
,,,,,,
,,,,,,
,,,,,,
,,,,,,
,,,,,,
,,,,,,
,,,,,,
,,,,,,
,,,,,,
,,,,,,
,,,,,,
,,,,,,
,,,,,,
,,,,,,
,,,,,,
,,,,,,
,,,,,,
,,,,,,
,,,,,,
,,,,,,
,,,,,,
,,,,,,
,,,,,,
,,,,,,
,,,,,,
,,,,,,
,,,,,,
,,,,,,
,,,,,,
,,,,,,
,,,,,,
,,,,,,
,,,,,,
,,,,,,
,,,,,,
,,,,,,
,,,,,,
,,,,,,
,,,,,,
,,,,,,
,,,,,,
,,,,,,
,,,,,,
,,,,,,
,,,,,,
,,,,,,
,,,,,,
,,,,,,
,,,,,,
,,,,,,
,,,,,,
